<?xml version="1.0" encoding="UTF-8"?>
<!DOCTYPE suite SYSTEM "http://testng.org/testng-1.0.dtd">
<suite name="DB Microservices Regression">
    <!-- <listeners> <listener class-name="org.imaginea.jenkins.plugins.testinprogress.testng.TestNGProgressRunListener"
        /> </listeners> -->
    <test name="Experience API Regression Tests" parallel="classes">
        <groups>
            <run>
                <include name="Regression"/>
                <include name="BVT"/>
            </run>
        </groups>
<!--         <classes> -->
<!--             <class name="ewbc.qa.microservices.tests.FutuOpenBankAPI.CreateSubAccountTest"/> -->
<!--             <class name="ewbc.qa.microservices.tests.FutuOpenBankAPI.UpdateSubAccountTest"/> -->
<!--             <class name="ewbc.qa.microservices.tests.FutuOpenBankAPI.GetMasterSubAccountBalanceTest"/> -->
<!--             <class name="ewbc.qa.microservices.tests.FutuOpenBankAPI.GetMasterSubAccountDetails"/> -->
<!--             <class name="ewbc.qa.microservices.tests.FutuOpenBankAPI.CloseSubAccountTest"/> -->
<!--             <class name="ewbc.qa.microservices.tests.FutuOpenBankAPI.MasterSubAccountMoneyTransferTest"/> -->
<!--             <class name="ewbc.qa.microservices.tests.FutuOpenBankAPI.FutuInternalTransferTest"/> -->
<!--             <class name="ewbc.qa.microservices.tests.FutuOpenBankAPI.FutuDomesticWireTransferTest"/> -->
<!--             <class name="ewbc.qa.microservices.tests.FutuOpenBankAPI.FutuInternationaWireTransferTest"/> -->
<!--             <class name="ewbc.qa.microservices.tests.CommercialAPI.DepositAccount.CreateDepositAccountTests"/> -->
<!--             <class name="ewbc.qa.microservices.tests.CommercialAPI.DepositAccount.GetEStatementTests"/> -->
<!--             <class name="ewbc.qa.microservices.tests.CommercialAPI.DepositAccount.SearchEStatementTests"/> -->
<!--             <class name="ewbc.qa.microservices.tests.CommercialAPI.DepositTransactions.GetAccountTransactionsTests"/> -->
<!--         </classes> -->
    </test>
</suite>