<?xml version="1.0" encoding="UTF-8"?>
<!DOCTYPE suite SYSTEM "http://testng.org/testng-1.0.dtd"
        [<!ENTITY classfile SYSTEM "classfiles.xml"> ]>
<suite name="DB Microservices Regression">
    <!-- <listeners> <listener class-name="org.imaginea.jenkins.plugins.testinprogress.testng.TestNGProgressRunListener"
        /> </listeners> -->
    <test name="Microservices Regression Tests" preserve-order="true">
        <groups>
            <run>
                <include name="Regression"/>
                <include name="BVT"/>
                <exclude name="Systemapi_only"/>
            </run>
        </groups>
        &classfile;
    </test>
</suite>