<?xml version="1.0" encoding="UTF-8"?>
<!DOCTYPE suite SYSTEM "http://testng.org/testng-1.0.dtd"
        [<!ENTITY classfile SYSTEM "classfiles.xml"> ]>
<suite name="Digital Transformation BVT">
    <listeners> <listener class-name="com.ewb.utils.Listeners.AnnotationTransformer"/> </listeners>
    <test name="Regression Tests" preserve-order="true">
        <groups>
            <run>
                <include name="Regression"/>
                <include name="BVT"/>
                <exclude name="Microservices_only"/>
            </run>
        </groups>
<!--         <classes> -->
<!--             <class name="ewbc.qa.microservices.tests.BillPay.BillPayInitiateEBillActivationTest"/> -->
<!--             <class name="ewbc.qa.microservices.tests.debitCardAPI.DebitCardAPITest"/> -->
<!--         </classes> -->
    </test>
</suite>