<?xml version="1.0" encoding="UTF-8"?>
<!DOCTYPE suite SYSTEM "http://testng.org/testng-1.0.dtd"
        [<!ENTITY classfile SYSTEM "classfiles.xml"> ]>
<suite name="DB System API Regression">
    <test name="System API Regression Tests" preserve-order="true" parallel="classes">
        <groups>
            <run>
                <include name="Regression"/>
                <include name="BVT"/>
                <exclude name="Microservices_only"/>
            </run>
        </groups>
        &classfile;
    </test>
</suite>