<?xml version="1.0" encoding="UTF-8"?>
<!DOCTYPE suite SYSTEM "http://testng.org/testng-1.0.dtd"
        [<!ENTITY classfile SYSTEM "classfiles.xml"> ]>
<suite name="Digital Transformation BVT">
    <!-- <listeners> <listener class-name="org.imaginea.jenkins.plugins.testinprogress.testng.TestNGProgressRunListener"
        /> </listeners> -->
    <test name="BVT Tests" preserve-order="true">
        <!-- <method-selectors> <method-selector> <script language="beanshell"><![CDATA[return
            groups.containsKey("BVT") && groups.containsKey("Systemapi");]]></script>
            </method-selector> </method-selectors> -->
        <groups>
            <run>
                <include name="BVT"/>
                <exclude name="Microservices_only"/>
            </run>
        </groups>
        &classfile;
    </test>
</suite>