<?xml version="1.0" encoding="UTF-8"?>
<!DOCTYPE suite SYSTEM "http://testng.org/testng-1.0.dtd"
        [<!ENTITY classfile SYSTEM "classfiles.xml"> ]>
<suite name="Digital Transformation BVT" thread-count="1">

    <!--<listeners> <listener class-name="com.ewb.utils.Listeners.AnnotationTransformer"/>
    <listener class-name="com.ewb.utils.Listeners.TestListener"/>
     <listener class-name="ewbc.qa.microservices.utils.ExtentReportListener"/>
    </listeners>-->

    <test name="System API Regression Tests" preserve-order="true">
        <groups>
            <run>
                <include name="${groups}"/>
                <exclude name="Microservices_only"/>
                <!--
                <exclude name="${excludedGroups}"/>
                -->
            </run>
        </groups>
        &classfile;
    </test>
</suite>